{"channels": ["https://www.youtube.com/@setindia/videos", "https://www.youtube.com/c/VEVO/videos", "https://www.youtube.com/@ShrinkhalBhushan/videos", "https://www.youtube.com/@sonofabish/videos"], "channels_data": {"https://www.youtube.com/@setindia/videos": "https://www.youtube.com/watch?v=zB5To58Belc", "https://www.youtube.com/c/VEVO/videos": "https://www.youtube.com/watch?v=_CkEIAWymNk", "https://www.youtube.com/@sonofabish/videos": "https://www.youtube.com/watch?v=RSy_uXt4cns", "https://www.youtube.com/@ShrinkhalBhushan/videos": "https://www.youtube.com/watch?v=qjdFxGgpavo"}, "comments": ["hey this is a nice \nvideo ", "love the channel its amazing!", "these videos \nare amazing i love it"], "sleep_after_action_from": 5, "sleep_after_action_to": 15, "running": true}